ZIPƒtƒ@ƒCƒ‹–¼,o—Í”NŒ“úE,’n”Ô‹æˆæ,’n”Ô,’n”Ô‹æˆæi•MŠE–¢’è’n\¬’n”Ôj,’n”Ôi•MŠE–¢’è’n\¬’n”Ôj
01558-4603-1.zip,202202141129,–ä•ÊŒSã—N•Ê’¬šˆ®,–³’n”Ô-1,,
01558-4603-1.zip,202202141129,–ä•ÊŒSã—N•Ê’¬šˆ®,“¹-2,,
01558-4603-1.zip,202202141129,–ä•ÊŒSã—N•Ê’¬šˆ®,“¹-5,,
01558-4603-1.zip,202202141129,–ä•ÊŒSã—N•Ê’¬šˆ®,“¹-6,,
01558-4603-1.zip,202202141129,–ä•ÊŒSã—N•Ê’¬šˆ®,“¹-8,,
01558-4603-1.zip,202202141129,–ä•ÊŒSã—N•Ê’¬šˆ®,“¹-12,,
01558-4603-1.zip,202202141129,–ä•ÊŒSã—N•Ê’¬šˆ®,“¹-13,,
01558-4603-1.zip,202202141129,–ä•ÊŒSã—N•Ê’¬šˆ®,“¹-14,,
01558-4603-1.zip,202202141129,–ä•ÊŒSã—N•Ê’¬šˆ®,“¹-15,,
01558-4603-1.zip,202202141129,–ä•ÊŒSã—N•Ê’¬šˆ®,“¹-16,,
01558-4603-1.zip,202202141129,–ä•ÊŒSã—N•Ê’¬šˆ®,“¹-46,,
01558-4603-1.zip,202202141129,–ä•ÊŒSã—N•Ê’¬šˆ®,“¹-52,,
01558-4603-1.zip,202202141129,–ä•ÊŒSã—N•Ê’¬šˆ®,“¹-55,,
01558-4603-1.zip,202202141129,–ä•ÊŒSã—N•Ê’¬šˆ®,“¹-56,,
01558-4603-1.zip,202202141129,–ä•ÊŒSã—N•Ê’¬šˆ®,’·‹·•¨•s–¾-1,,
01558-4603-1.zip,202202141129,–ä•ÊŒSã—N•Ê’¬šˆ®,’·‹·•¨•s–¾-2,,
01558-4603-1.zip,202202141129,–ä•ÊŒSã—N•Ê’¬šˆ®,’·‹·•¨•s–¾-3,,
01558-4603-1.zip,202202141129,–ä•ÊŒSã—N•Ê’¬šˆ®,’·‹·•¨•s–¾-4,,
01558-4603-1.zip,202202141129,–ä•ÊŒSã—N•Ê’¬š–k•º‘ºO‹æ,–³’n”Ô-11,,
01558-4603-1.zip,202202141129,–ä•ÊŒSã—N•Ê’¬š–k•º‘ºO‹æ,–³’n”Ô-12,,
01558-4603-1.zip,202202141129,–ä•ÊŒSã—N•Ê’¬š–k•º‘ºO‹æ,–³’n”Ô-13,,
01558-4603-1.zip,202202141129,–ä•ÊŒSã—N•Ê’¬š–k•º‘ºO‹æ,“¹-19,,
01558-4603-1.zip,202202141129,–ä•ÊŒSã—N•Ê’¬š–k•º‘ºO‹æ,“¹-20,,
01558-4603-1.zip,202202141129,–ä•ÊŒSã—N•Ê’¬š–k•º‘ºO‹æ,“¹-22,,
01558-4603-1.zip,202202141129,–ä•ÊŒSã—N•Ê’¬š–k•º‘ºO‹æ,“¹-26,,
01558-4603-1.zip,202202141129,–ä•ÊŒSã—N•Ê’¬š–k•º‘ºO‹æ,“¹-29,,
01558-4603-1.zip,202202141129,–ä•ÊŒSã—N•Ê’¬š–k•º‘ºO‹æ,“¹-30,,
01558-4603-1.zip,202202141129,–ä•ÊŒSã—N•Ê’¬š–k•º‘ºO‹æ,“¹-31,,
01558-4603-1.zip,202202141129,–ä•ÊŒSã—N•Ê’¬š–k•º‘ºO‹æ,“¹-33,,
01558-4603-1.zip,202202141129,–ä•ÊŒSã—N•Ê’¬š–k•º‘ºO‹æ,“¹-34,,
01558-4603-1.zip,202202141129,–ä•ÊŒSã—N•Ê’¬š–k•º‘ºO‹æ,“¹-35,,
01558-4603-1.zip,202202141129,–ä•ÊŒSã—N•Ê’¬š–k•º‘ºO‹æ,“¹-36,,
01558-4603-1.zip,202202141129,–ä•ÊŒSã—N•Ê’¬š–k•º‘ºO‹æ,“¹-37,,
01558-4603-1.zip,202202141129,–ä•ÊŒSã—N•Ê’¬š–k•º‘ºO‹æ,“¹-39,,
01558-4603-1.zip,202202141129,–ä•ÊŒSã—N•Ê’¬š–k•º‘ºO‹æ,“¹-40,,
01558-4603-1.zip,202202141129,–ä•ÊŒSã—N•Ê’¬š–k•º‘ºO‹æ,“¹-41,,
01558-4603-1.zip,202202141129,–ä•ÊŒSã—N•Ê’¬š–k•º‘ºO‹æ,“¹-42,,
01558-4603-1.zip,202202141129,–ä•ÊŒSã—N•Ê’¬š–k•º‘ºO‹æ,“¹-43,,
01558-4603-1.zip,202202141129,–ä•ÊŒSã—N•Ê’¬š–k•º‘ºO‹æ,“¹-44,,
01558-4603-1.zip,202202141129,–ä•ÊŒSã—N•Ê’¬š–k•º‘ºO‹æ,“¹-45,,
01558-4603-1.zip,202202141129,–ä•ÊŒSã—N•Ê’¬š–k•º‘ºO‹æ,…-2,,
01558-4603-1.zip,202202141129,–ä•ÊŒSã—N•Ê’¬š–k•º‘ºO‹æ,’·‹·•¨•s–¾-5,,
01558-4603-1.zip,202202141129,–ä•ÊŒSã—N•Ê’¬š–k•º‘ºO‹æ,’·‹·•¨•s–¾-6,,
01558-4603-1.zip,202202141129,–ä•ÊŒSã—N•Ê’¬š–k•º‘ºO‹æ,’·‹·•¨•s–¾-7,,
01558-4603-1.zip,202202141129,–ä•ÊŒSã—N•Ê’¬,’n‹æŠO-308199,,
01558-4603-1.zip,202202141129,–ä•ÊŒSã—N•Ê’¬,’n‹æŠO-308200,,
01558-4603-1.zip,202202141129,–ä•ÊŒSã—N•Ê’¬,’n‹æŠO-308201,,
01558-4603-1.zip,202202141129,–ä•ÊŒSã—N•Ê’¬,’n‹æŠO-308202,,
01558-4603-1.zip,202202141129,–ä•ÊŒSã—N•Ê’¬,’n‹æŠO-308203,,
01558-4603-1.zip,202202141129,–ä•ÊŒSã—N•Ê’¬,’n‹æŠO-308204,,
01558-4603-1.zip,202202141129,–ä•ÊŒSã—N•Ê’¬,’n‹æŠO-308205,,
01558-4603-1.zip,202202141129,–ä•ÊŒSã—N•Ê’¬,’n‹æŠO-308206,,
01558-4603-1.zip,202202141129,–ä•ÊŒSã—N•Ê’¬,’n‹æŠO-308207,,
01558-4603-1.zip,202202141129,–ä•ÊŒSã—N•Ê’¬,’n‹æŠO-308208,,
01558-4603-1.zip,202202141129,–ä•ÊŒSã—N•Ê’¬,’n‹æŠO-308209,,
01558-4603-1.zip,202202141129,–ä•ÊŒSã—N•Ê’¬,’n‹æŠO-308210,,
01558-4603-1.zip,202202141129,–ä•ÊŒSã—N•Ê’¬,’n‹æŠO-308211,,
01558-4603-1.zip,202202141129,–ä•ÊŒSã—N•Ê’¬,’n‹æŠO-308212,,
01558-4603-1.zip,202202141129,–ä•ÊŒSã—N•Ê’¬,’n‹æŠO-308213,,
01558-4603-1.zip,202202141129,–ä•ÊŒSã—N•Ê’¬,’n‹æŠO-308214,,
01558-4603-1.zip,202202141129,–ä•ÊŒSã—N•Ê’¬,’n‹æŠO-308215,,
01558-4603-1.zip,202202141129,–ä•ÊŒSã—N•Ê’¬,’n‹æŠO-308216,,
01558-4603-1.zip,202202141129,–ä•ÊŒSã—N•Ê’¬,’n‹æŠO-308217,,
01558-4603-1.zip,202202141129,–ä•ÊŒSã—N•Ê’¬,’n‹æŠO-308218,,
01558-4603-1.zip,202202141129,–ä•ÊŒSã—N•Ê’¬,’n‹æŠO-308219,,
01558-4603-1.zip,202202141129,–ä•ÊŒSã—N•Ê’¬š–k•º‘ºO‹æ,“¹-21,,
01558-4603-1.zip,202202141129,–ä•ÊŒSã—N•Ê’¬šˆ®,“¹-4,,
01558-4603-1.zip,202202141129,–ä•ÊŒSã—N•Ê’¬š–k•º‘ºO‹æ,“¹-18,,
01558-4603-1.zip,202202141129,–ä•ÊŒSã—N•Ê’¬š–k•º‘ºO‹æ,“¹-32,,
01558-4603-1.zip,202202141129,–ä•ÊŒSã—N•Ê’¬š–k•º‘ºO‹æ,“¹-24,,
01558-4603-1.zip,202202141129,–ä•ÊŒSã—N•Ê’¬šˆ®,“¹-9,,
01558-4603-1.zip,202202141129,–ä•ÊŒSã—N•Ê’¬šˆ®,“¹-17,,
01558-4603-1.zip,202202141129,–ä•ÊŒSã—N•Ê’¬š–k•º‘ºO‹æ,“¹-38,,
01558-4603-1.zip,202202141129,–ä•ÊŒSã—N•Ê’¬š–k•º‘ºO‹æ,“¹-23,,
01558-4603-1.zip,202202141129,–ä•ÊŒSã—N•Ê’¬šˆ®,“¹-48,,
01558-4603-1.zip,202202141129,–ä•ÊŒSã—N•Ê’¬š–k•º‘ºO‹æ,–³’n”Ô-10,,
01558-4603-1.zip,202202141129,–ä•ÊŒSã—N•Ê’¬š–k•º‘ºO‹æ,“¹-27,,
01558-4603-2.zip,202202141129,–ä•ÊŒSã—N•Ê’¬šˆ®,“¹-1,,
01558-4603-2.zip,202202141129,–ä•ÊŒSã—N•Ê’¬šˆ®,“¹-3,,
01558-4603-2.zip,202202141129,–ä•ÊŒSã—N•Ê’¬šˆ®,“¹-7,,
01558-4603-2.zip,202202141129,–ä•ÊŒSã—N•Ê’¬šˆ®,“¹-10,,
01558-4603-2.zip,202202141129,–ä•ÊŒSã—N•Ê’¬šˆ®,“¹-11,,
01558-4603-2.zip,202202141129,–ä•ÊŒSã—N•Ê’¬šˆ®,“¹-47,,
01558-4603-2.zip,202202141129,–ä•ÊŒSã—N•Ê’¬šˆ®,“¹-49,,
01558-4603-2.zip,202202141129,–ä•ÊŒSã—N•Ê’¬šˆ®,“¹-50,,
01558-4603-2.zip,202202141129,–ä•ÊŒSã—N•Ê’¬šˆ®,“¹-51,,
01558-4603-2.zip,202202141129,–ä•ÊŒSã—N•Ê’¬šˆ®,“¹-57,,
01558-4603-2.zip,202202141129,–ä•ÊŒSã—N•Ê’¬šˆ®,“¹-58,,
01558-4603-2.zip,202202141129,–ä•ÊŒSã—N•Ê’¬šˆ®,…-1,,
01558-4603-2.zip,202202141129,–ä•ÊŒSã—N•Ê’¬šˆ®,…-2,,
01558-4603-2.zip,202202141129,–ä•ÊŒSã—N•Ê’¬,’n‹æŠO-309300,,
01558-4603-2.zip,202202141129,–ä•ÊŒSã—N•Ê’¬,’n‹æŠO-309301,,
01558-4603-2.zip,202202141129,–ä•ÊŒSã—N•Ê’¬,’n‹æŠO-309303,,
01558-4603-2.zip,202202141129,–ä•ÊŒSã—N•Ê’¬,’n‹æŠO-309302,,
01558-4603-2.zip,202202141129,–ä•ÊŒSã—N•Ê’¬šˆ®,“¹-59,,
01558-4603-2.zip,202202141129,–ä•ÊŒSã—N•Ê’¬šˆ®,“¹-54,,
01558-4603-3.zip,202202141129,–ä•ÊŒSã—N•Ê’¬š•x”ü,–³’n”Ô-20,,
01558-4603-3.zip,202202141129,–ä•ÊŒSã—N•Ê’¬š•x”ü,–³’n”Ô-21,,
01558-4603-3.zip,202202141129,–ä•ÊŒSã—N•Ê’¬,’n‹æŠO-312156,,
01558-4603-3.zip,202202141129,–ä•ÊŒSã—N•Ê’¬,’n‹æŠO-312157,,
01558-4603-3.zip,202202141129,–ä•ÊŒSã—N•Ê’¬,’n‹æŠO-312158,,
01558-4603-3.zip,202202141129,–ä•ÊŒSã—N•Ê’¬,’n‹æŠO-312159,,
01558-4603-3.zip,202202141129,–ä•ÊŒSã—N•Ê’¬,’n‹æŠO-312160,,
01558-4603-3.zip,202202141129,–ä•ÊŒSã—N•Ê’¬,’n‹æŠO-312162,,
01558-4603-3.zip,202202141129,–ä•ÊŒSã—N•Ê’¬,’n‹æŠO-312163,,
01558-4603-3.zip,202202141129,–ä•ÊŒSã—N•Ê’¬,’n‹æŠO-312164,,
01558-4603-3.zip,202202141129,–ä•ÊŒSã—N•Ê’¬,’n‹æŠO-312165,,
01558-4603-3.zip,202202141129,–ä•ÊŒSã—N•Ê’¬,’n‹æŠO-312166,,
01558-4603-3.zip,202202141129,–ä•ÊŒSã—N•Ê’¬,’n‹æŠO-312167,,
01558-4603-3.zip,202202141129,–ä•ÊŒSã—N•Ê’¬,’n‹æŠO-312168,,
01558-4603-3.zip,202202141129,–ä•ÊŒSã—N•Ê’¬,’n‹æŠO-312169,,
01558-4603-3.zip,202202141129,–ä•ÊŒSã—N•Ê’¬,’n‹æŠO-312170,,
01558-4603-3.zip,202202141129,–ä•ÊŒSã—N•Ê’¬,’n‹æŠO-312171,,
01558-4603-3.zip,202202141129,–ä•ÊŒSã—N•Ê’¬,’n‹æŠO-312172,,
01558-4603-3.zip,202202141129,–ä•ÊŒSã—N•Ê’¬,’n‹æŠO-312173,,
01558-4603-3.zip,202202141129,–ä•ÊŒSã—N•Ê’¬,’n‹æŠO-312174,,
01558-4603-3.zip,202202141129,–ä•ÊŒSã—N•Ê’¬,’n‹æŠO-312175,,
01558-4603-3.zip,202202141129,–ä•ÊŒSã—N•Ê’¬,’n‹æŠO-312176,,
01558-4603-3.zip,202202141129,–ä•ÊŒSã—N•Ê’¬,’n‹æŠO-312177,,
01558-4603-3.zip,202202141129,–ä•ÊŒSã—N•Ê’¬,’n‹æŠO-312178,,
01558-4603-3.zip,202202141129,–ä•ÊŒSã—N•Ê’¬,’n‹æŠO-312179,,
01558-4603-3.zip,202202141129,–ä•ÊŒSã—N•Ê’¬,’n‹æŠO-312180,,
01558-4603-3.zip,202202141129,–ä•ÊŒSã—N•Ê’¬,’n‹æŠO-312181,,
01558-4603-3.zip,202202141129,–ä•ÊŒSã—N•Ê’¬,’n‹æŠO-312183,,
01558-4603-3.zip,202202141129,–ä•ÊŒSã—N•Ê’¬,’n‹æŠO-312184,,
01558-4603-3.zip,202202141129,–ä•ÊŒSã—N•Ê’¬,’n‹æŠO-312185,,
01558-4603-3.zip,202202141129,–ä•ÊŒSã—N•Ê’¬,’n‹æŠO-312186,,
01558-4603-3.zip,202202141129,–ä•ÊŒSã—N•Ê’¬,’n‹æŠO-312187,,
01558-4603-3.zip,202202141129,–ä•ÊŒSã—N•Ê’¬,’n‹æŠO-312188,,
01558-4603-3.zip,202202141129,–ä•ÊŒSã—N•Ê’¬,’n‹æŠO-312189,,
01558-4603-3.zip,202202141129,–ä•ÊŒSã—N•Ê’¬,’n‹æŠO-312182,,
01558-4603-3.zip,202202141129,–ä•ÊŒSã—N•Ê’¬š•x”ü,–³’n”Ô-22,,
01558-4603-3.zip,202202141129,–ä•ÊŒSã—N•Ê’¬,’n‹æŠO-312161,,
01558-4603-4.zip,202202141129,–ä•ÊŒSã—N•Ê’¬,’n‹æŠO-314555,,
01558-4603-4.zip,202202141129,–ä•ÊŒSã—N•Ê’¬,’n‹æŠO-314556,,
01558-4603-4.zip,202202141129,–ä•ÊŒSã—N•Ê’¬,’n‹æŠO-314557,,
01558-4603-4.zip,202202141129,–ä•ÊŒSã—N•Ê’¬,’n‹æŠO-314558,,
01558-4603-5.zip,202202141129,–ä•ÊŒSã—N•Ê’¬š“Ô“csŠX’n,“¹-62,,
01558-4603-5.zip,202202141129,–ä•ÊŒSã—N•Ê’¬š“Ô“csŠX’n,…-1,,
01558-4603-5.zip,202202141129,–ä•ÊŒSã—N•Ê’¬š“Ô“csŠX’n,…-19,,
01558-4603-5.zip,202202141129,–ä•ÊŒSã—N•Ê’¬š“ì•º‘ºO‹æ,–³’n”Ô-1,,
01558-4603-5.zip,202202141129,–ä•ÊŒSã—N•Ê’¬š“ì•º‘ºO‹æ,–³’n”Ô-2,,
01558-4603-5.zip,202202141129,–ä•ÊŒSã—N•Ê’¬š“ì•º‘ºO‹æ,–³’n”Ô-6,,
01558-4603-5.zip,202202141129,–ä•ÊŒSã—N•Ê’¬š“ì•º‘ºO‹æ,“¹-4,,
01558-4603-5.zip,202202141129,–ä•ÊŒSã—N•Ê’¬š“ì•º‘ºO‹æ,“¹-5,,
01558-4603-5.zip,202202141129,–ä•ÊŒSã—N•Ê’¬š“ì•º‘ºO‹æ,“¹-6,,
01558-4603-5.zip,202202141129,–ä•ÊŒSã—N•Ê’¬š“ì•º‘ºO‹æ,“¹-7,,
01558-4603-5.zip,202202141129,–ä•ÊŒSã—N•Ê’¬š“ì•º‘ºO‹æ,“¹-8,,
01558-4603-5.zip,202202141129,–ä•ÊŒSã—N•Ê’¬š“ì•º‘ºO‹æ,“¹-9,,
01558-4603-5.zip,202202141129,–ä•ÊŒSã—N•Ê’¬š“ì•º‘ºO‹æ,“¹-16,,
01558-4603-5.zip,202202141129,–ä•ÊŒSã—N•Ê’¬š“ì•º‘ºO‹æ,“¹-17,,
01558-4603-5.zip,202202141129,–ä•ÊŒSã—N•Ê’¬š“ì•º‘ºO‹æ,“¹-21,,
01558-4603-5.zip,202202141129,–ä•ÊŒSã—N•Ê’¬š“ì•º‘ºO‹æ,“¹-25,,
01558-4603-5.zip,202202141129,–ä•ÊŒSã—N•Ê’¬š“ì•º‘ºO‹æ,…-3,,
01558-4603-5.zip,202202141129,–ä•ÊŒSã—N•Ê’¬š“ì•º‘ºO‹æ,…-4,,
01558-4603-5.zip,202202141129,–ä•ÊŒSã—N•Ê’¬š“ì•º‘ºO‹æ,…-5,,
01558-4603-5.zip,202202141129,–ä•ÊŒSã—N•Ê’¬š“ì•º‘ºO‹æ,’·‹·•¨•s–¾-1,,
01558-4603-5.zip,202202141129,–ä•ÊŒSã—N•Ê’¬š“ì•º‘ºO‹æ,’·‹·•¨•s–¾-2,,
01558-4603-5.zip,202202141129,–ä•ÊŒSã—N•Ê’¬š“ì•º‘ºO‹æ,’·‹·•¨•s–¾-4,,
01558-4603-5.zip,202202141129,–ä•ÊŒSã—N•Ê’¬š“ì•º‘ºO‹æ,’·‹·•¨•s–¾-5,,
01558-4603-5.zip,202202141129,–ä•ÊŒSã—N•Ê’¬š“ì•º‘ºO‹æ,’·‹·•¨•s–¾-6,,
01558-4603-5.zip,202202141129,–ä•ÊŒSã—N•Ê’¬š“ì•º‘ºO‹æ,’·‹·•¨•s–¾-7,,
01558-4603-5.zip,202202141129,–ä•ÊŒSã—N•Ê’¬š“ì•º‘ºO‹æ,’·‹·•¨•s–¾-8,,
01558-4603-5.zip,202202141129,–ä•ÊŒSã—N•Ê’¬š“ì•º‘º“ñ‹æ,–³’n”Ô-8,,
01558-4603-5.zip,202202141129,–ä•ÊŒSã—N•Ê’¬š“ì•º‘º“ñ‹æ,–³’n”Ô-9,,
01558-4603-5.zip,202202141129,–ä•ÊŒSã—N•Ê’¬š“ì•º‘º“ñ‹æ,–³’n”Ô-10,,
01558-4603-5.zip,202202141129,–ä•ÊŒSã—N•Ê’¬š“ì•º‘º“ñ‹æ,–³’n”Ô-12,,
01558-4603-5.zip,202202141129,–ä•ÊŒSã—N•Ê’¬š“ì•º‘º“ñ‹æ,–³’n”Ô-13,,
01558-4603-5.zip,202202141129,–ä•ÊŒSã—N•Ê’¬š“ì•º‘º“ñ‹æ,“¹-26,,
01558-4603-5.zip,202202141129,–ä•ÊŒSã—N•Ê’¬š“ì•º‘º“ñ‹æ,“¹-27,,
01558-4603-5.zip,202202141129,–ä•ÊŒSã—N•Ê’¬š“ì•º‘º“ñ‹æ,“¹-28,,
01558-4603-5.zip,202202141129,–ä•ÊŒSã—N•Ê’¬š“ì•º‘º“ñ‹æ,“¹-29,,
01558-4603-5.zip,202202141129,–ä•ÊŒSã—N•Ê’¬š“ì•º‘º“ñ‹æ,“¹-30,,
01558-4603-5.zip,202202141129,–ä•ÊŒSã—N•Ê’¬š“ì•º‘º“ñ‹æ,“¹-31,,
01558-4603-5.zip,202202141129,–ä•ÊŒSã—N•Ê’¬š“ì•º‘º“ñ‹æ,“¹-32,,
01558-4603-5.zip,202202141129,–ä•ÊŒSã—N•Ê’¬š“ì•º‘º“ñ‹æ,“¹-33,,
01558-4603-5.zip,202202141129,–ä•ÊŒSã—N•Ê’¬š“ì•º‘º“ñ‹æ,“¹-34,,
01558-4603-5.zip,202202141129,–ä•ÊŒSã—N•Ê’¬š“ì•º‘º“ñ‹æ,“¹-35,,
01558-4603-5.zip,202202141129,–ä•ÊŒSã—N•Ê’¬š“ì•º‘º“ñ‹æ,“¹-36,,
01558-4603-5.zip,202202141129,–ä•ÊŒSã—N•Ê’¬š“ì•º‘º“ñ‹æ,“¹-37,,
01558-4603-5.zip,202202141129,–ä•ÊŒSã—N•Ê’¬š“ì•º‘º“ñ‹æ,“¹-38,,
01558-4603-5.zip,202202141129,–ä•ÊŒSã—N•Ê’¬š“ì•º‘º“ñ‹æ,“¹-40,,
01558-4603-5.zip,202202141129,–ä•ÊŒSã—N•Ê’¬š“ì•º‘º“ñ‹æ,“¹-41,,
01558-4603-5.zip,202202141129,–ä•ÊŒSã—N•Ê’¬š“ì•º‘º“ñ‹æ,“¹-42,,
01558-4603-5.zip,202202141129,–ä•ÊŒSã—N•Ê’¬š“ì•º‘º“ñ‹æ,“¹-43,,
01558-4603-5.zip,202202141129,–ä•ÊŒSã—N•Ê’¬š“ì•º‘º“ñ‹æ,…-6,,
01558-4603-5.zip,202202141129,–ä•ÊŒSã—N•Ê’¬š“ì•º‘º“ñ‹æ,…-7,,
01558-4603-5.zip,202202141129,–ä•ÊŒSã—N•Ê’¬š“ì•º‘º“ñ‹æ,…-8,,
01558-4603-5.zip,202202141129,–ä•ÊŒSã—N•Ê’¬š“ì•º‘º“ñ‹æ,…-9,,
01558-4603-5.zip,202202141129,–ä•ÊŒSã—N•Ê’¬š“ì•º‘º“ñ‹æ,…-10,,
01558-4603-5.zip,202202141129,–ä•ÊŒSã—N•Ê’¬š“ì•º‘º“ñ‹æ,…-11,,
01558-4603-5.zip,202202141129,–ä•ÊŒSã—N•Ê’¬š“ì•º‘º“ñ‹æ,…-12,,
01558-4603-5.zip,202202141129,–ä•ÊŒSã—N•Ê’¬š“ì•º‘º“ñ‹æ,…-13,,
01558-4603-5.zip,202202141129,–ä•ÊŒSã—N•Ê’¬š“ì•º‘º“ñ‹æ,…-14,,
01558-4603-5.zip,202202141129,–ä•ÊŒSã—N•Ê’¬š“ì•º‘º“ñ‹æ,…-16,,
01558-4603-5.zip,202202141129,–ä•ÊŒSã—N•Ê’¬š“ì•º‘º“ñ‹æ,…-17,,
01558-4603-5.zip,202202141129,–ä•ÊŒSã—N•Ê’¬,’n‹æŠO-330683,,
01558-4603-5.zip,202202141129,–ä•ÊŒSã—N•Ê’¬,’n‹æŠO-330685,,
01558-4603-5.zip,202202141129,–ä•ÊŒSã—N•Ê’¬,’n‹æŠO-330686,,
01558-4603-5.zip,202202141129,–ä•ÊŒSã—N•Ê’¬,’n‹æŠO-330687,,
01558-4603-5.zip,202202141129,–ä•ÊŒSã—N•Ê’¬,’n‹æŠO-330688,,
01558-4603-5.zip,202202141129,–ä•ÊŒSã—N•Ê’¬,’n‹æŠO-330689,,
01558-4603-5.zip,202202141129,–ä•ÊŒSã—N•Ê’¬,’n‹æŠO-330690,,
01558-4603-5.zip,202202141129,–ä•ÊŒSã—N•Ê’¬,’n‹æŠO-330691,,
01558-4603-5.zip,202202141129,–ä•ÊŒSã—N•Ê’¬,’n‹æŠO-330692,,
01558-4603-5.zip,202202141129,–ä•ÊŒSã—N•Ê’¬,’n‹æŠO-330693,,
01558-4603-5.zip,202202141129,–ä•ÊŒSã—N•Ê’¬,’n‹æŠO-330694,,
01558-4603-5.zip,202202141129,–ä•ÊŒSã—N•Ê’¬,’n‹æŠO-330696,,
01558-4603-5.zip,202202141129,–ä•ÊŒSã—N•Ê’¬,’n‹æŠO-330699,,
01558-4603-5.zip,202202141129,–ä•ÊŒSã—N•Ê’¬,’n‹æŠO-330700,,
01558-4603-5.zip,202202141129,–ä•ÊŒSã—N•Ê’¬,’n‹æŠO-330701,,
01558-4603-5.zip,202202141129,–ä•ÊŒSã—N•Ê’¬,’n‹æŠO-330702,,
01558-4603-5.zip,202202141129,–ä•ÊŒSã—N•Ê’¬,’n‹æŠO-330703,,
01558-4603-5.zip,202202141129,–ä•ÊŒSã—N•Ê’¬,’n‹æŠO-330704,,
01558-4603-5.zip,202202141129,–ä•ÊŒSã—N•Ê’¬,’n‹æŠO-330705,,
01558-4603-5.zip,202202141129,–ä•ÊŒSã—N•Ê’¬,’n‹æŠO-330706,,
01558-4603-5.zip,202202141129,–ä•ÊŒSã—N•Ê’¬,’n‹æŠO-330707,,
01558-4603-5.zip,202202141129,–ä•ÊŒSã—N•Ê’¬,’n‹æŠO-330708,,
01558-4603-5.zip,202202141129,–ä•ÊŒSã—N•Ê’¬,’n‹æŠO-330709,,
01558-4603-5.zip,202202141129,–ä•ÊŒSã—N•Ê’¬,’n‹æŠO-330710,,
01558-4603-5.zip,202202141129,–ä•ÊŒSã—N•Ê’¬,’n‹æŠO-330712,,
01558-4603-5.zip,202202141129,–ä•ÊŒSã—N•Ê’¬,’n‹æŠO-330713,,
01558-4603-5.zip,202202141129,–ä•ÊŒSã—N•Ê’¬,’n‹æŠO-330714,,
01558-4603-5.zip,202202141129,–ä•ÊŒSã—N•Ê’¬,’n‹æŠO-330715,,
01558-4603-5.zip,202202141129,–ä•ÊŒSã—N•Ê’¬,’n‹æŠO-330716,,
01558-4603-5.zip,202202141129,–ä•ÊŒSã—N•Ê’¬,’n‹æŠO-330717,,
01558-4603-5.zip,202202141129,–ä•ÊŒSã—N•Ê’¬,’n‹æŠO-330718,,
01558-4603-5.zip,202202141129,–ä•ÊŒSã—N•Ê’¬,’n‹æŠO-330719,,
01558-4603-5.zip,202202141129,–ä•ÊŒSã—N•Ê’¬,’n‹æŠO-330711,,
01558-4603-5.zip,202202141129,–ä•ÊŒSã—N•Ê’¬š“ì•º‘º“ñ‹æ,“¹-39,,
01558-4603-5.zip,202202141129,–ä•ÊŒSã—N•Ê’¬š“ì•º‘º“ñ‹æ,…-15,,
01558-4603-5.zip,202202141129,–ä•ÊŒSã—N•Ê’¬š“ì•º‘ºO‹æ,“¹-22,,
01558-4603-5.zip,202202141129,–ä•ÊŒSã—N•Ê’¬,’n‹æŠO-330695,,
01558-4603-5.zip,202202141129,–ä•ÊŒSã—N•Ê’¬š“ì•º‘ºO‹æ,“¹-10,,
01558-4603-5.zip,202202141129,–ä•ÊŒSã—N•Ê’¬,’n‹æŠO-330684,,
01558-4603-5.zip,202202141129,–ä•ÊŒSã—N•Ê’¬š“ì•º‘ºO‹æ,“¹-14,,
01558-4603-5.zip,202202141129,–ä•ÊŒSã—N•Ê’¬š“ì•º‘ºO‹æ,“¹-15,,
01558-4603-5.zip,202202141129,–ä•ÊŒSã—N•Ê’¬,’n‹æŠO-330697,,
01558-4603-5.zip,202202141129,–ä•ÊŒSã—N•Ê’¬š“ì•º‘ºO‹æ,“¹-13,,
01558-4603-5.zip,202202141129,–ä•ÊŒSã—N•Ê’¬,’n‹æŠO-330698,,
01558-4603-5.zip,202202141129,–ä•ÊŒSã—N•Ê’¬š“ì•º‘ºO‹æ,–³’n”Ô-3,,
01558-4603-5.zip,202202141129,–ä•ÊŒSã—N•Ê’¬š“ì•º‘ºO‹æ,“¹-19,,
01558-4603-5.zip,202202141129,–ä•ÊŒSã—N•Ê’¬š“ì•º‘ºO‹æ,“¹-24,,
01558-4603-5.zip,202202141129,–ä•ÊŒSã—N•Ê’¬š“ì•º‘ºO‹æ,“¹-12,,
01558-4603-5.zip,202202141129,–ä•ÊŒSã—N•Ê’¬š“ì•º‘ºO‹æ,–³’n”Ô-4,,
01558-4603-5.zip,202202141129,–ä•ÊŒSã—N•Ê’¬š“ì•º‘ºO‹æ,“¹-11,,
01558-4603-5.zip,202202141129,–ä•ÊŒSã—N•Ê’¬š“ì•º‘ºO‹æ,“¹-23,,
01558-4603-5.zip,202202141129,–ä•ÊŒSã—N•Ê’¬š“ì•º‘ºO‹æ,“¹-20,,
01558-4603-6.zip,202202141129,–ä•ÊŒSã—N•Ê’¬š“Ô“csŠX’n,“¹-4,,
01558-4603-6.zip,202202141129,–ä•ÊŒSã—N•Ê’¬š“Ô“csŠX’n,“¹-5,,
01558-4603-6.zip,202202141129,–ä•ÊŒSã—N•Ê’¬š“Ô“csŠX’n,“¹-61,,
01558-4603-6.zip,202202141129,–ä•ÊŒSã—N•Ê’¬š“Ô“csŠX’n,“¹-64,,
01558-4603-6.zip,202202141129,–ä•ÊŒSã—N•Ê’¬š“Ô“csŠX’n,“¹-65,,
01558-4603-6.zip,202202141129,–ä•ÊŒSã—N•Ê’¬š“Ô“csŠX’n,…-2,,
01558-4603-6.zip,202202141129,–ä•ÊŒSã—N•Ê’¬š“Ô“csŠX’n,…-3,,
01558-4603-6.zip,202202141129,–ä•ÊŒSã—N•Ê’¬š“Ô“csŠX’n,…-18,,
01558-4603-6.zip,202202141129,–ä•ÊŒSã—N•Ê’¬š“ì•º‘º“ñ‹æ,“¹-6,,
01558-4603-6.zip,202202141129,–ä•ÊŒSã—N•Ê’¬š“ì•º‘º“ñ‹æ,…-4,,
01558-4603-6.zip,202202141129,–ä•ÊŒSã—N•Ê’¬,’n‹æŠO-333985,,
01558-4603-6.zip,202202141129,–ä•ÊŒSã—N•Ê’¬,’n‹æŠO-333986,,
01558-4603-6.zip,202202141129,–ä•ÊŒSã—N•Ê’¬,’n‹æŠO-333987,,
01558-4603-6.zip,202202141129,–ä•ÊŒSã—N•Ê’¬,’n‹æŠO-333988,,
01558-4603-6.zip,202202141129,–ä•ÊŒSã—N•Ê’¬,’n‹æŠO-333989,,
01558-4603-6.zip,202202141129,–ä•ÊŒSã—N•Ê’¬,’n‹æŠO-333990,,
01558-4603-6.zip,202202141129,–ä•ÊŒSã—N•Ê’¬,’n‹æŠO-333991,,
01558-4603-6.zip,202202141129,–ä•ÊŒSã—N•Ê’¬,’n‹æŠO-333992,,
01558-4603-6.zip,202202141129,–ä•ÊŒSã—N•Ê’¬,’n‹æŠO-333993,,
01558-4603-6.zip,202202141129,–ä•ÊŒSã—N•Ê’¬,’n‹æŠO-333994,,
01558-4603-7.zip,202202141129,–ä•ÊŒSã—N•Ê’¬šŠJ·,–³’n”Ô-1,,
01558-4603-7.zip,202202141129,–ä•ÊŒSã—N•Ê’¬šŠJ·,–³’n”Ô-2,,
01558-4603-7.zip,202202141129,–ä•ÊŒSã—N•Ê’¬šŠJ·,–³’n”Ô-4,,
01558-4603-7.zip,202202141129,–ä•ÊŒSã—N•Ê’¬šŠJ·,–³’n”Ô-5,,
01558-4603-7.zip,202202141129,–ä•ÊŒSã—N•Ê’¬šŠJ·,–³’n”Ô-6,,
01558-4603-7.zip,202202141129,–ä•ÊŒSã—N•Ê’¬šŠJ·,–³’n”Ô-7,,
01558-4603-7.zip,202202141129,–ä•ÊŒSã—N•Ê’¬šŠJ·,“¹-1,,
01558-4603-7.zip,202202141129,–ä•ÊŒSã—N•Ê’¬šŠJ·,…-1,,
01558-4603-7.zip,202202141129,–ä•ÊŒSã—N•Ê’¬šŠJ·,’·‹·•¨•s–¾-1,,
01558-4603-7.zip,202202141129,–ä•ÊŒSã—N•Ê’¬š“ì•º‘ºˆê‹æ,–³’n”Ô-9,,
01558-4603-7.zip,202202141129,–ä•ÊŒSã—N•Ê’¬š“ì•º‘ºˆê‹æ,–³’n”Ô-10,,
01558-4603-7.zip,202202141129,–ä•ÊŒSã—N•Ê’¬š“ì•º‘ºˆê‹æ,–³’n”Ô-11,,
01558-4603-7.zip,202202141129,–ä•ÊŒSã—N•Ê’¬š“ì•º‘ºˆê‹æ,“¹-2,,
01558-4603-7.zip,202202141129,–ä•ÊŒSã—N•Ê’¬š“ì•º‘ºˆê‹æ,“¹-3,,
01558-4603-7.zip,202202141129,–ä•ÊŒSã—N•Ê’¬š“ì•º‘ºˆê‹æ,“¹-5,,
01558-4603-7.zip,202202141129,–ä•ÊŒSã—N•Ê’¬š“ì•º‘ºˆê‹æ,“¹-7,,
01558-4603-7.zip,202202141129,–ä•ÊŒSã—N•Ê’¬š“ì•º‘ºˆê‹æ,“¹-8,,
01558-4603-7.zip,202202141129,–ä•ÊŒSã—N•Ê’¬š“ì•º‘ºˆê‹æ,“¹-9,,
01558-4603-7.zip,202202141129,–ä•ÊŒSã—N•Ê’¬š“ì•º‘ºˆê‹æ,“¹-10,,
01558-4603-7.zip,202202141129,–ä•ÊŒSã—N•Ê’¬š“ì•º‘ºˆê‹æ,“¹-11,,
01558-4603-7.zip,202202141129,–ä•ÊŒSã—N•Ê’¬š“ì•º‘ºˆê‹æ,“¹-12,,
01558-4603-7.zip,202202141129,–ä•ÊŒSã—N•Ê’¬š“ì•º‘ºˆê‹æ,“¹-13,,
01558-4603-7.zip,202202141129,–ä•ÊŒSã—N•Ê’¬š“ì•º‘ºˆê‹æ,“¹-14,,
01558-4603-7.zip,202202141129,–ä•ÊŒSã—N•Ê’¬š“ì•º‘ºˆê‹æ,“¹-15,,
01558-4603-7.zip,202202141129,–ä•ÊŒSã—N•Ê’¬š“ì•º‘ºˆê‹æ,“¹-16,,
01558-4603-7.zip,202202141129,–ä•ÊŒSã—N•Ê’¬š“ì•º‘ºˆê‹æ,…-2,,
01558-4603-7.zip,202202141129,–ä•ÊŒSã—N•Ê’¬š“ì•º‘ºˆê‹æ,…-3,,
01558-4603-7.zip,202202141129,–ä•ÊŒSã—N•Ê’¬š“ì•º‘ºˆê‹æ,…-4,,
01558-4603-7.zip,202202141129,–ä•ÊŒSã—N•Ê’¬š“ì•º‘ºˆê‹æ,…-5,,
01558-4603-7.zip,202202141129,–ä•ÊŒSã—N•Ê’¬š“ì•º‘ºˆê‹æ,…-6,,
01558-4603-7.zip,202202141129,–ä•ÊŒSã—N•Ê’¬š“ì•º‘ºˆê‹æ,…-7,,
01558-4603-7.zip,202202141129,–ä•ÊŒSã—N•Ê’¬š“ì•º‘ºˆê‹æ,…-8,,
01558-4603-7.zip,202202141129,–ä•ÊŒSã—N•Ê’¬š“ì•º‘ºˆê‹æ,…-9,,
01558-4603-7.zip,202202141129,–ä•ÊŒSã—N•Ê’¬š“ì•º‘ºˆê‹æ,…-10,,
01558-4603-7.zip,202202141129,–ä•ÊŒSã—N•Ê’¬š“ì•º‘ºˆê‹æ,…-11,,
01558-4603-7.zip,202202141129,–ä•ÊŒSã—N•Ê’¬š“ì•º‘ºˆê‹æ,’·‹·•¨•s–¾-2,,
01558-4603-7.zip,202202141129,–ä•ÊŒSã—N•Ê’¬,’n‹æŠO-338773,,
01558-4603-7.zip,202202141129,–ä•ÊŒSã—N•Ê’¬,’n‹æŠO-338774,,
01558-4603-7.zip,202202141129,–ä•ÊŒSã—N•Ê’¬,’n‹æŠO-338776,,
01558-4603-7.zip,202202141129,–ä•ÊŒSã—N•Ê’¬,’n‹æŠO-338777,,
01558-4603-7.zip,202202141129,–ä•ÊŒSã—N•Ê’¬,’n‹æŠO-338778,,
01558-4603-7.zip,202202141129,–ä•ÊŒSã—N•Ê’¬,’n‹æŠO-338779,,
01558-4603-7.zip,202202141129,–ä•ÊŒSã—N•Ê’¬,’n‹æŠO-338780,,
01558-4603-7.zip,202202141129,–ä•ÊŒSã—N•Ê’¬,’n‹æŠO-338781,,
01558-4603-7.zip,202202141129,–ä•ÊŒSã—N•Ê’¬,’n‹æŠO-338782,,
01558-4603-7.zip,202202141129,–ä•ÊŒSã—N•Ê’¬,’n‹æŠO-338783,,
01558-4603-7.zip,202202141129,–ä•ÊŒSã—N•Ê’¬,’n‹æŠO-338784,,
01558-4603-7.zip,202202141129,–ä•ÊŒSã—N•Ê’¬,’n‹æŠO-338785,,
01558-4603-7.zip,202202141129,–ä•ÊŒSã—N•Ê’¬,’n‹æŠO-338786,,
01558-4603-7.zip,202202141129,–ä•ÊŒSã—N•Ê’¬,’n‹æŠO-338787,,
01558-4603-7.zip,202202141129,–ä•ÊŒSã—N•Ê’¬,’n‹æŠO-338788,,
01558-4603-7.zip,202202141129,–ä•ÊŒSã—N•Ê’¬,’n‹æŠO-338789,,
01558-4603-7.zip,202202141129,–ä•ÊŒSã—N•Ê’¬,’n‹æŠO-338790,,
01558-4603-7.zip,202202141129,–ä•ÊŒSã—N•Ê’¬,’n‹æŠO-338792,,
01558-4603-7.zip,202202141129,–ä•ÊŒSã—N•Ê’¬,’n‹æŠO-338793,,
01558-4603-7.zip,202202141129,–ä•ÊŒSã—N•Ê’¬,’n‹æŠO-338794,,
01558-4603-7.zip,202202141129,–ä•ÊŒSã—N•Ê’¬,’n‹æŠO-338795,,
01558-4603-7.zip,202202141129,–ä•ÊŒSã—N•Ê’¬,’n‹æŠO-338796,,
01558-4603-7.zip,202202141129,–ä•ÊŒSã—N•Ê’¬,’n‹æŠO-338797,,
01558-4603-7.zip,202202141129,–ä•ÊŒSã—N•Ê’¬,’n‹æŠO-338798,,
01558-4603-7.zip,202202141129,–ä•ÊŒSã—N•Ê’¬,’n‹æŠO-338799,,
01558-4603-7.zip,202202141129,–ä•ÊŒSã—N•Ê’¬,’n‹æŠO-338800,,
01558-4603-7.zip,202202141129,–ä•ÊŒSã—N•Ê’¬,’n‹æŠO-338801,,
01558-4603-7.zip,202202141129,–ä•ÊŒSã—N•Ê’¬,’n‹æŠO-338802,,
01558-4603-7.zip,202202141129,–ä•ÊŒSã—N•Ê’¬,’n‹æŠO-338803,,
01558-4603-7.zip,202202141129,–ä•ÊŒSã—N•Ê’¬,’n‹æŠO-338804,,
01558-4603-7.zip,202202141129,–ä•ÊŒSã—N•Ê’¬,’n‹æŠO-338805,,
01558-4603-7.zip,202202141129,–ä•ÊŒSã—N•Ê’¬,’n‹æŠO-338791,,
01558-4603-7.zip,202202141129,–ä•ÊŒSã—N•Ê’¬š“ì•º‘ºˆê‹æ,–³’n”Ô-8,,
01558-4603-7.zip,202202141129,–ä•ÊŒSã—N•Ê’¬šŠJ·,–³’n”Ô-3,,
01558-4603-7.zip,202202141129,–ä•ÊŒSã—N•Ê’¬š“ì•º‘ºˆê‹æ,“¹-6,,
01558-4603-7.zip,202202141129,–ä•ÊŒSã—N•Ê’¬,’n‹æŠO-338775,,
01558-4603-7.zip,202202141129,–ä•ÊŒSã—N•Ê’¬š“ì•º‘ºˆê‹æ,“¹-4,,
01558-4603-8.zip,202202141129,–ä•ÊŒSã—N•Ê’¬š“ì•º‘ºˆê‹æ,…-1,,
01558-4603-8.zip,202202141129,–ä•ÊŒSã—N•Ê’¬,’n‹æŠO-342661,,
01558-4603-8.zip,202202141129,–ä•ÊŒSã—N•Ê’¬,’n‹æŠO-342662,,
01558-4603-8.zip,202202141129,–ä•ÊŒSã—N•Ê’¬,’n‹æŠO-342663,,
01558-4603-8.zip,202202141129,–ä•ÊŒSã—N•Ê’¬,’n‹æŠO-342664,,
01558-4603-8.zip,202202141129,–ä•ÊŒSã—N•Ê’¬,’n‹æŠO-342665,,
01558-4603-8.zip,202202141129,–ä•ÊŒSã—N•Ê’¬,’n‹æŠO-342666,,
01558-4603-8.zip,202202141129,–ä•ÊŒSã—N•Ê’¬,’n‹æŠO-342667,,
01558-4603-8.zip,202202141129,–ä•ÊŒSã—N•Ê’¬,’n‹æŠO-342668,,
01558-4603-8.zip,202202141129,–ä•ÊŒSã—N•Ê’¬,’n‹æŠO-342669,,
01558-4603-8.zip,202202141129,–ä•ÊŒSã—N•Ê’¬,’n‹æŠO-342670,,
01558-4603-8.zip,202202141129,–ä•ÊŒSã—N•Ê’¬,’n‹æŠO-342671,,
01558-4603-8.zip,202202141129,–ä•ÊŒSã—N•Ê’¬,’n‹æŠO-342672,,
01558-4603-9.zip,202202141129,–ä•ÊŒSã—N•Ê’¬šã•x”ü,–³’n”Ô-1,,
01558-4603-9.zip,202202141129,–ä•ÊŒSã—N•Ê’¬šã•x”ü,–³’n”Ô-19,,
01558-4603-9.zip,202202141129,–ä•ÊŒSã—N•Ê’¬,’n‹æŠO-345081,,
01558-4603-9.zip,202202141129,–ä•ÊŒSã—N•Ê’¬,’n‹æŠO-345082,,
01558-4603-9.zip,202202141129,–ä•ÊŒSã—N•Ê’¬,’n‹æŠO-345083,,
01558-4603-10.zip,202202141129,–ä•ÊŒSã—N•Ê’¬šã•x”ü,–³’n”Ô-7,,
01558-4603-10.zip,202202141129,–ä•ÊŒSã—N•Ê’¬šã•x”ü,–³’n”Ô-18,,
01558-4603-10.zip,202202141129,–ä•ÊŒSã—N•Ê’¬,’n‹æŠO-346512,,
01558-4603-10.zip,202202141129,–ä•ÊŒSã—N•Ê’¬,’n‹æŠO-346513,,
01558-4603-10.zip,202202141129,–ä•ÊŒSã—N•Ê’¬,’n‹æŠO-346514,,
01558-4603-10.zip,202202141129,–ä•ÊŒSã—N•Ê’¬,’n‹æŠO-346515,,
01558-4603-10.zip,202202141129,–ä•ÊŒSã—N•Ê’¬,’n‹æŠO-346516,,
01558-4603-10.zip,202202141129,–ä•ÊŒSã—N•Ê’¬,’n‹æŠO-346517,,
01558-4603-10.zip,202202141129,–ä•ÊŒSã—N•Ê’¬,’n‹æŠO-346518,,
01558-4603-10.zip,202202141129,–ä•ÊŒSã—N•Ê’¬,’n‹æŠO-346519,,
01558-4603-10.zip,202202141129,–ä•ÊŒSã—N•Ê’¬,’n‹æŠO-346520,,
01558-4603-10.zip,202202141129,–ä•ÊŒSã—N•Ê’¬,’n‹æŠO-346521,,
01558-4603-10.zip,202202141129,–ä•ÊŒSã—N•Ê’¬,’n‹æŠO-346522,,
01558-4603-10.zip,202202141129,–ä•ÊŒSã—N•Ê’¬,’n‹æŠO-346523,,
01558-4603-10.zip,202202141129,–ä•ÊŒSã—N•Ê’¬,’n‹æŠO-346524,,
01558-4603-10.zip,202202141129,–ä•ÊŒSã—N•Ê’¬,’n‹æŠO-346525,,
01558-4603-10.zip,202202141129,–ä•ÊŒSã—N•Ê’¬,’n‹æŠO-346526,,
01558-4603-10.zip,202202141129,–ä•ÊŒSã—N•Ê’¬,’n‹æŠO-346527,,
01558-4603-10.zip,202202141129,–ä•ÊŒSã—N•Ê’¬,’n‹æŠO-346528,,
01558-4603-10.zip,202202141129,–ä•ÊŒSã—N•Ê’¬,’n‹æŠO-346529,,
01558-4603-10.zip,202202141129,–ä•ÊŒSã—N•Ê’¬,’n‹æŠO-346530,,
01558-4603-10.zip,202202141129,–ä•ÊŒSã—N•Ê’¬,’n‹æŠO-346531,,
01558-4603-10.zip,202202141129,–ä•ÊŒSã—N•Ê’¬,’n‹æŠO-346532,,
01558-4603-10.zip,202202141129,–ä•ÊŒSã—N•Ê’¬,’n‹æŠO-346533,,
01558-4603-10.zip,202202141129,–ä•ÊŒSã—N•Ê’¬šã•x”ü,–³’n”Ô-2,,
01558-4603-11.zip,202202141129,–ä•ÊŒSã—N•Ê’¬š•x”ü,–³’n”Ô-1,,
01558-4603-11.zip,202202141129,–ä•ÊŒSã—N•Ê’¬š•x”ü,–³’n”Ô-23,,
01558-4603-11.zip,202202141129,–ä•ÊŒSã—N•Ê’¬,’n‹æŠO-350831,,
01558-4603-11.zip,202202141129,–ä•ÊŒSã—N•Ê’¬,’n‹æŠO-350832,,
01558-4603-11.zip,202202141129,–ä•ÊŒSã—N•Ê’¬,’n‹æŠO-350833,,
01558-4603-11.zip,202202141129,–ä•ÊŒSã—N•Ê’¬,’n‹æŠO-350834,,
01558-4603-11.zip,202202141129,–ä•ÊŒSã—N•Ê’¬,’n‹æŠO-350835,,
01558-4603-11.zip,202202141129,–ä•ÊŒSã—N•Ê’¬,’n‹æŠO-350836,,
01558-4603-11.zip,202202141129,–ä•ÊŒSã—N•Ê’¬,’n‹æŠO-350837,,
01558-4603-11.zip,202202141129,–ä•ÊŒSã—N•Ê’¬,’n‹æŠO-350838,,
01558-4603-11.zip,202202141129,–ä•ÊŒSã—N•Ê’¬,’n‹æŠO-350839,,
01558-4603-11.zip,202202141129,–ä•ÊŒSã—N•Ê’¬,’n‹æŠO-350840,,
01558-4603-11.zip,202202141129,–ä•ÊŒSã—N•Ê’¬,’n‹æŠO-350841,,
01558-4603-11.zip,202202141129,–ä•ÊŒSã—N•Ê’¬,’n‹æŠO-350842,,
01558-4603-11.zip,202202141129,–ä•ÊŒSã—N•Ê’¬,’n‹æŠO-350843,,
01558-4603-11.zip,202202141129,–ä•ÊŒSã—N•Ê’¬,’n‹æŠO-350844,,
01558-4603-11.zip,202202141129,–ä•ÊŒSã—N•Ê’¬,’n‹æŠO-350845,,
01558-4603-11.zip,202202141129,–ä•ÊŒSã—N•Ê’¬,’n‹æŠO-350846,,
01558-4603-11.zip,202202141129,–ä•ÊŒSã—N•Ê’¬,’n‹æŠO-350847,,
01558-4603-11.zip,202202141129,–ä•ÊŒSã—N•Ê’¬,’n‹æŠO-350848,,
01558-4603-11.zip,202202141129,–ä•ÊŒSã—N•Ê’¬,’n‹æŠO-350849,,
01558-4603-11.zip,202202141129,–ä•ÊŒSã—N•Ê’¬,’n‹æŠO-350850,,
01558-4603-11.zip,202202141129,–ä•ÊŒSã—N•Ê’¬,’n‹æŠO-350851,,
01558-4603-11.zip,202202141129,–ä•ÊŒSã—N•Ê’¬,’n‹æŠO-350852,,
01558-4603-11.zip,202202141129,–ä•ÊŒSã—N•Ê’¬,’n‹æŠO-350853,,
01558-4603-11.zip,202202141129,–ä•ÊŒSã—N•Ê’¬,’n‹æŠO-350854,,
01558-4603-11.zip,202202141129,–ä•ÊŒSã—N•Ê’¬,’n‹æŠO-350855,,
01558-4603-11.zip,202202141129,–ä•ÊŒSã—N•Ê’¬,’n‹æŠO-350856,,
01558-4603-11.zip,202202141129,–ä•ÊŒSã—N•Ê’¬,’n‹æŠO-350857,,
01558-4603-11.zip,202202141129,–ä•ÊŒSã—N•Ê’¬,’n‹æŠO-350858,,
01558-4603-11.zip,202202141129,–ä•ÊŒSã—N•Ê’¬,’n‹æŠO-350859,,
01558-4603-11.zip,202202141129,–ä•ÊŒSã—N•Ê’¬,’n‹æŠO-350860,,
01558-4603-11.zip,202202141129,–ä•ÊŒSã—N•Ê’¬,’n‹æŠO-350861,,
01558-4603-11.zip,202202141129,–ä•ÊŒSã—N•Ê’¬,’n‹æŠO-350862,,
01558-4603-11.zip,202202141129,–ä•ÊŒSã—N•Ê’¬,’n‹æŠO-350863,,
01558-4603-11.zip,202202141129,–ä•ÊŒSã—N•Ê’¬,’n‹æŠO-350864,,
01558-4603-11.zip,202202141129,–ä•ÊŒSã—N•Ê’¬,’n‹æŠO-350865,,
01558-4603-11.zip,202202141129,–ä•ÊŒSã—N•Ê’¬,’n‹æŠO-350866,,
01558-4603-11.zip,202202141129,–ä•ÊŒSã—N•Ê’¬,’n‹æŠO-350867,,
01558-4603-11.zip,202202141129,–ä•ÊŒSã—N•Ê’¬,’n‹æŠO-350868,,
01558-4603-11.zip,202202141129,–ä•ÊŒSã—N•Ê’¬,’n‹æŠO-350869,,
01558-4603-11.zip,202202141129,–ä•ÊŒSã—N•Ê’¬,’n‹æŠO-350870,,
01558-4603-11.zip,202202141129,–ä•ÊŒSã—N•Ê’¬,’n‹æŠO-350871,,
01558-4603-11.zip,202202141129,–ä•ÊŒSã—N•Ê’¬,’n‹æŠO-350872,,
01558-4603-12.zip,202202141129,–ä•ÊŒSã—N•Ê’¬šˆ®,–³’n”Ô-2,,
01558-4603-12.zip,202202141129,–ä•ÊŒSã—N•Ê’¬šˆ®,–³’n”Ô-15,,
01558-4603-12.zip,202202141129,–ä•ÊŒSã—N•Ê’¬šD•x”ü,–³’n”Ô-3,,
01558-4603-12.zip,202202141129,–ä•ÊŒSã—N•Ê’¬šD•x”ü,–³’n”Ô-4,,
01558-4603-12.zip,202202141129,–ä•ÊŒSã—N•Ê’¬šD•x”ü,–³’n”Ô-5,,
01558-4603-12.zip,202202141129,–ä•ÊŒSã—N•Ê’¬,’n‹æŠO-356002,,
01558-4603-12.zip,202202141129,–ä•ÊŒSã—N•Ê’¬,’n‹æŠO-356003,,
01558-4603-12.zip,202202141129,–ä•ÊŒSã—N•Ê’¬,’n‹æŠO-356004,,
01558-4603-12.zip,202202141129,–ä•ÊŒSã—N•Ê’¬,’n‹æŠO-356005,,
01558-4603-12.zip,202202141129,–ä•ÊŒSã—N•Ê’¬,’n‹æŠO-356007,,
01558-4603-12.zip,202202141129,–ä•ÊŒSã—N•Ê’¬,’n‹æŠO-356008,,
01558-4603-12.zip,202202141129,–ä•ÊŒSã—N•Ê’¬,’n‹æŠO-356009,,
01558-4603-12.zip,202202141129,–ä•ÊŒSã—N•Ê’¬,’n‹æŠO-356010,,
01558-4603-12.zip,202202141129,–ä•ÊŒSã—N•Ê’¬,’n‹æŠO-356011,,
01558-4603-12.zip,202202141129,–ä•ÊŒSã—N•Ê’¬,’n‹æŠO-356012,,
01558-4603-12.zip,202202141129,–ä•ÊŒSã—N•Ê’¬,’n‹æŠO-356013,,
01558-4603-12.zip,202202141129,–ä•ÊŒSã—N•Ê’¬,’n‹æŠO-356014,,
01558-4603-12.zip,202202141129,–ä•ÊŒSã—N•Ê’¬,’n‹æŠO-356015,,
01558-4603-12.zip,202202141129,–ä•ÊŒSã—N•Ê’¬,’n‹æŠO-356016,,
01558-4603-12.zip,202202141129,–ä•ÊŒSã—N•Ê’¬,’n‹æŠO-356017,,
01558-4603-12.zip,202202141129,–ä•ÊŒSã—N•Ê’¬,’n‹æŠO-356018,,
01558-4603-12.zip,202202141129,–ä•ÊŒSã—N•Ê’¬,’n‹æŠO-356019,,
01558-4603-12.zip,202202141129,–ä•ÊŒSã—N•Ê’¬,’n‹æŠO-356020,,
01558-4603-12.zip,202202141129,–ä•ÊŒSã—N•Ê’¬,’n‹æŠO-356021,,
01558-4603-12.zip,202202141129,–ä•ÊŒSã—N•Ê’¬,’n‹æŠO-356022,,
01558-4603-12.zip,202202141129,–ä•ÊŒSã—N•Ê’¬,’n‹æŠO-356023,,
01558-4603-12.zip,202202141129,–ä•ÊŒSã—N•Ê’¬,’n‹æŠO-356024,,
01558-4603-12.zip,202202141129,–ä•ÊŒSã—N•Ê’¬,’n‹æŠO-356025,,
01558-4603-12.zip,202202141129,–ä•ÊŒSã—N•Ê’¬,’n‹æŠO-356026,,
01558-4603-12.zip,202202141129,–ä•ÊŒSã—N•Ê’¬šˆ®,’·‹·•¨•s–¾-3012,,
01558-4603-12.zip,202202141129,–ä•ÊŒSã—N•Ê’¬,’n‹æŠO-356006,,
01558-4603-13.zip,202202141129,–ä•ÊŒSã—N•Ê’¬š“Ô“csŠX’n,“¹-2,,
01558-4603-13.zip,202202141129,–ä•ÊŒSã—N•Ê’¬š“Ô“csŠX’n,“¹-66,,
01558-4603-13.zip,202202141129,–ä•ÊŒSã—N•Ê’¬,’n‹æŠO-2032149,,
01558-4603-13.zip,202202141129,–ä•ÊŒSã—N•Ê’¬,’n‹æŠO-2032150,,
01558-4603-13.zip,202202141129,–ä•ÊŒSã—N•Ê’¬,’n‹æŠO-2032151,,
01558-4603-13.zip,202202141129,–ä•ÊŒSã—N•Ê’¬,’n‹æŠO-2032154,,
01558-4603-13.zip,202202141129,–ä•ÊŒSã—N•Ê’¬,’n‹æŠO-2032155,,
01558-4603-13.zip,202202141129,–ä•ÊŒSã—N•Ê’¬,’n‹æŠO-2032156,,
01558-4603-13.zip,202202141129,–ä•ÊŒSã—N•Ê’¬,’n‹æŠO-2032157,,
01558-4603-13.zip,202202141129,–ä•ÊŒSã—N•Ê’¬,’n‹æŠO-2032158,,
01558-4603-13.zip,202202141129,–ä•ÊŒSã—N•Ê’¬,’n‹æŠO-2032159,,
01558-4603-13.zip,202202141129,–ä•ÊŒSã—N•Ê’¬,’n‹æŠO-2032160,,
01558-4603-13.zip,202202141129,–ä•ÊŒSã—N•Ê’¬,’n‹æŠO-2032162,,
01558-4603-13.zip,202202141129,–ä•ÊŒSã—N•Ê’¬,’n‹æŠO-2032163,,
01558-4603-13.zip,202202141129,–ä•ÊŒSã—N•Ê’¬,’n‹æŠO-2032164,,
01558-4603-13.zip,202202141129,–ä•ÊŒSã—N•Ê’¬,’n‹æŠO-2032165,,
01558-4603-13.zip,202202141129,–ä•ÊŒSã—N•Ê’¬,’n‹æŠO-2032166,,
01558-4603-13.zip,202202141129,–ä•ÊŒSã—N•Ê’¬,’n‹æŠO-2032168,,
01558-4603-13.zip,202202141129,–ä•ÊŒSã—N•Ê’¬,’n‹æŠO-2032169,,
01558-4603-13.zip,202202141129,–ä•ÊŒSã—N•Ê’¬,’n‹æŠO-2032171,,
01558-4603-13.zip,202202141129,–ä•ÊŒSã—N•Ê’¬,’n‹æŠO-2032173,,
01558-4603-13.zip,202202141129,–ä•ÊŒSã—N•Ê’¬,’n‹æŠO-2032174,,
01558-4603-13.zip,202202141129,–ä•ÊŒSã—N•Ê’¬,’n‹æŠO-2032175,,
01558-4603-13.zip,202202141129,–ä•ÊŒSã—N•Ê’¬,’n‹æŠO-2032176,,
01558-4603-13.zip,202202141129,–ä•ÊŒSã—N•Ê’¬,’n‹æŠO-2032179,,
01558-4603-13.zip,202202141129,–ä•ÊŒSã—N•Ê’¬,’n‹æŠO-2032180,,
01558-4603-13.zip,202202141129,–ä•ÊŒSã—N•Ê’¬,’n‹æŠO-2032181,,
01558-4603-13.zip,202202141129,–ä•ÊŒSã—N•Ê’¬,’n‹æŠO-2032182,,
01558-4603-13.zip,202202141129,–ä•ÊŒSã—N•Ê’¬,’n‹æŠO-2032183,,
01558-4603-13.zip,202202141129,–ä•ÊŒSã—N•Ê’¬,’n‹æŠO-2032184,,
01558-4603-13.zip,202202141129,–ä•ÊŒSã—N•Ê’¬,’n‹æŠO-2032185,,
01558-4603-13.zip,202202141129,–ä•ÊŒSã—N•Ê’¬,’n‹æŠO-2032161,,
01558-4603-13.zip,202202141129,–ä•ÊŒSã—N•Ê’¬,’n‹æŠO-2032177,,
01558-4603-13.zip,202202141129,–ä•ÊŒSã—N•Ê’¬,’n‹æŠO-2032178,,
01558-4603-13.zip,202202141129,–ä•ÊŒSã—N•Ê’¬,’n‹æŠO-2032172,,
01558-4603-13.zip,202202141129,–ä•ÊŒSã—N•Ê’¬š“Ô“csŠX’n,“¹-60,,
01558-4603-13.zip,202202141129,–ä•ÊŒSã—N•Ê’¬,’n‹æŠO-2032153,,
01558-4603-13.zip,202202141129,–ä•ÊŒSã—N•Ê’¬,’n‹æŠO-2032152,,
01558-4603-14.zip,202202141129,–ä•ÊŒSã—N•Ê’¬š–k•º‘ºˆê‹æ,–³’n”Ô-1,,
01558-4603-14.zip,202202141129,–ä•ÊŒSã—N•Ê’¬š–k•º‘ºˆê‹æ,–³’n”Ô-2,,
01558-4603-14.zip,202202141129,–ä•ÊŒSã—N•Ê’¬š–k•º‘ºˆê‹æ,–³’n”Ô-3,,
01558-4603-14.zip,202202141129,–ä•ÊŒSã—N•Ê’¬š–k•º‘ºˆê‹æ,–³’n”Ô-4,,
01558-4603-14.zip,202202141129,–ä•ÊŒSã—N•Ê’¬š–k•º‘ºˆê‹æ,–³’n”Ô-7,,
01558-4603-14.zip,202202141129,–ä•ÊŒSã—N•Ê’¬š–k•º‘ºˆê‹æ,–³’n”Ô-8,,
01558-4603-14.zip,202202141129,–ä•ÊŒSã—N•Ê’¬š–k•º‘ºˆê‹æ,–³’n”Ô-9,,
01558-4603-14.zip,202202141129,–ä•ÊŒSã—N•Ê’¬š–k•º‘ºˆê‹æ,’·‹·•¨•s–¾-1,,
01558-4603-14.zip,202202141129,–ä•ÊŒSã—N•Ê’¬š–k•º‘ºˆê‹æ,’·‹·•¨•s–¾-2,,
01558-4603-14.zip,202202141129,–ä•ÊŒSã—N•Ê’¬š–k•º‘ºˆê‹æ,’·‹·•¨•s–¾-3,,
01558-4603-14.zip,202202141129,–ä•ÊŒSã—N•Ê’¬š–k•º‘ºˆê‹æ,’·‹·•¨•s–¾-5,,
01558-4603-14.zip,202202141129,–ä•ÊŒSã—N•Ê’¬š–k•º‘ºˆê‹æ,’·‹·•¨•s–¾-7,,
01558-4603-14.zip,202202141129,–ä•ÊŒSã—N•Ê’¬š–k•º‘ºˆê‹æ,’·‹·•¨•s–¾-10,,
01558-4603-14.zip,202202141129,–ä•ÊŒSã—N•Ê’¬š–k•º‘ºˆê‹æ,’·‹·•¨•s–¾-11,,
01558-4603-14.zip,202202141129,–ä•ÊŒSã—N•Ê’¬š–k•º‘ºˆê‹æ,’·‹·•¨•s–¾-13,,
01558-4603-14.zip,202202141129,–ä•ÊŒSã—N•Ê’¬š–k•º‘ºˆê‹æ,’·‹·•¨•s–¾-14,,
01558-4603-14.zip,202202141129,–ä•ÊŒSã—N•Ê’¬š–k•º‘º“ñ‹æ,’·‹·•¨•s–¾-15,,
01558-4603-14.zip,202202141129,–ä•ÊŒSã—N•Ê’¬š“Ô“csŠX’n,–³’n”Ô-10,,
01558-4603-14.zip,202202141129,–ä•ÊŒSã—N•Ê’¬š“Ô“csŠX’n,“¹-8,,
01558-4603-14.zip,202202141129,–ä•ÊŒSã—N•Ê’¬š“Ô“csŠX’n,“¹-9,,
01558-4603-14.zip,202202141129,–ä•ÊŒSã—N•Ê’¬š“Ô“csŠX’n,“¹-10,,
01558-4603-14.zip,202202141129,–ä•ÊŒSã—N•Ê’¬š“Ô“csŠX’n,“¹-68,,
01558-4603-14.zip,202202141129,–ä•ÊŒSã—N•Ê’¬š“Ô“csŠX’n,…-6,,
01558-4603-14.zip,202202141129,–ä•ÊŒSã—N•Ê’¬š“Ô“csŠX’n,…-7,,
01558-4603-14.zip,202202141129,–ä•ÊŒSã—N•Ê’¬š“Ô“csŠX’n,…-8,,
01558-4603-14.zip,202202141129,–ä•ÊŒSã—N•Ê’¬š“Ô“csŠX’n,…-9,,
01558-4603-14.zip,202202141129,–ä•ÊŒSã—N•Ê’¬š“Ô“csŠX’n,…-10,,
01558-4603-14.zip,202202141129,–ä•ÊŒSã—N•Ê’¬š“Ô“csŠX’n,…-11,,
01558-4603-14.zip,202202141129,–ä•ÊŒSã—N•Ê’¬š“Ô“csŠX’n,…-12,,
01558-4603-14.zip,202202141129,–ä•ÊŒSã—N•Ê’¬š“Ô“csŠX’n,…-13,,
01558-4603-14.zip,202202141129,–ä•ÊŒSã—N•Ê’¬š“Ô“csŠX’n,…-20,,
01558-4603-14.zip,202202141129,–ä•ÊŒSã—N•Ê’¬š“Ô“csŠX’n,’·‹·•¨•s–¾-17,,
01558-4603-14.zip,202202141129,–ä•ÊŒSã—N•Ê’¬š“Ô“csŠX’n,’·‹·•¨•s–¾-18,,
01558-4603-14.zip,202202141129,–ä•ÊŒSã—N•Ê’¬š“Ô“csŠX’n,’·‹·•¨•s–¾-19,,
01558-4603-14.zip,202202141129,–ä•ÊŒSã—N•Ê’¬,’n‹æŠO-2040112,,
01558-4603-14.zip,202202141129,–ä•ÊŒSã—N•Ê’¬,’n‹æŠO-2040113,,
01558-4603-14.zip,202202141129,–ä•ÊŒSã—N•Ê’¬,’n‹æŠO-2040115,,
01558-4603-14.zip,202202141129,–ä•ÊŒSã—N•Ê’¬,’n‹æŠO-2040117,,
01558-4603-14.zip,202202141129,–ä•ÊŒSã—N•Ê’¬,’n‹æŠO-2040119,,
01558-4603-14.zip,202202141129,–ä•ÊŒSã—N•Ê’¬,’n‹æŠO-2040120,,
01558-4603-14.zip,202202141129,–ä•ÊŒSã—N•Ê’¬,’n‹æŠO-2040121,,
01558-4603-14.zip,202202141129,–ä•ÊŒSã—N•Ê’¬,’n‹æŠO-2040122,,
01558-4603-14.zip,202202141129,–ä•ÊŒSã—N•Ê’¬,’n‹æŠO-2040123,,
01558-4603-14.zip,202202141129,–ä•ÊŒSã—N•Ê’¬,’n‹æŠO-2040124,,
01558-4603-14.zip,202202141129,–ä•ÊŒSã—N•Ê’¬,’n‹æŠO-2040126,,
01558-4603-14.zip,202202141129,–ä•ÊŒSã—N•Ê’¬,’n‹æŠO-2040127,,
01558-4603-14.zip,202202141129,–ä•ÊŒSã—N•Ê’¬,’n‹æŠO-2040128,,
01558-4603-14.zip,202202141129,–ä•ÊŒSã—N•Ê’¬,’n‹æŠO-2040129,,
01558-4603-14.zip,202202141129,–ä•ÊŒSã—N•Ê’¬,’n‹æŠO-2040132,,
01558-4603-14.zip,202202141129,–ä•ÊŒSã—N•Ê’¬,’n‹æŠO-2040134,,
01558-4603-14.zip,202202141129,–ä•ÊŒSã—N•Ê’¬,’n‹æŠO-2040135,,
01558-4603-14.zip,202202141129,–ä•ÊŒSã—N•Ê’¬,’n‹æŠO-2040136,,
01558-4603-14.zip,202202141129,–ä•ÊŒSã—N•Ê’¬,’n‹æŠO-2040137,,
01558-4603-14.zip,202202141129,–ä•ÊŒSã—N•Ê’¬,’n‹æŠO-2040138,,
01558-4603-14.zip,202202141129,–ä•ÊŒSã—N•Ê’¬,’n‹æŠO-2040139,,
01558-4603-14.zip,202202141129,–ä•ÊŒSã—N•Ê’¬,’n‹æŠO-2040140,,
01558-4603-14.zip,202202141129,–ä•ÊŒSã—N•Ê’¬,’n‹æŠO-2040141,,
01558-4603-14.zip,202202141129,–ä•ÊŒSã—N•Ê’¬,’n‹æŠO-2040142,,
01558-4603-14.zip,202202141129,–ä•ÊŒSã—N•Ê’¬,’n‹æŠO-2040143,,
01558-4603-14.zip,202202141129,–ä•ÊŒSã—N•Ê’¬,’n‹æŠO-2040144,,
01558-4603-14.zip,202202141129,–ä•ÊŒSã—N•Ê’¬,’n‹æŠO-2040145,,
01558-4603-14.zip,202202141129,–ä•ÊŒSã—N•Ê’¬,’n‹æŠO-2040146,,
01558-4603-14.zip,202202141129,–ä•ÊŒSã—N•Ê’¬,’n‹æŠO-2040147,,
01558-4603-14.zip,202202141129,–ä•ÊŒSã—N•Ê’¬,’n‹æŠO-2040149,,
01558-4603-14.zip,202202141129,–ä•ÊŒSã—N•Ê’¬,’n‹æŠO-2040150,,
01558-4603-14.zip,202202141129,–ä•ÊŒSã—N•Ê’¬,’n‹æŠO-2040151,,
01558-4603-14.zip,202202141129,–ä•ÊŒSã—N•Ê’¬,’n‹æŠO-2040154,,
01558-4603-14.zip,202202141129,–ä•ÊŒSã—N•Ê’¬,’n‹æŠO-2040156,,
01558-4603-14.zip,202202141129,–ä•ÊŒSã—N•Ê’¬,’n‹æŠO-2040157,,
01558-4603-14.zip,202202141129,–ä•ÊŒSã—N•Ê’¬š“Ô“csŠX’n,“¹-6,,
01558-4603-14.zip,202202141129,–ä•ÊŒSã—N•Ê’¬š“Ô“csŠX’n,“¹-1,,
01558-4603-14.zip,202202141129,–ä•ÊŒSã—N•Ê’¬,’n‹æŠO-2040118,,
01558-4603-14.zip,202202141129,–ä•ÊŒSã—N•Ê’¬,’n‹æŠO-2040116,,
01558-4603-14.zip,202202141129,–ä•ÊŒSã—N•Ê’¬,’n‹æŠO-2040125,,
01558-4603-14.zip,202202141129,–ä•ÊŒSã—N•Ê’¬š–k•º‘º“ñ‹æ,’·‹·•¨•s–¾-16,,
01558-4603-14.zip,202202141129,–ä•ÊŒSã—N•Ê’¬š“Ô“csŠX’n,“¹-11,,
01558-4603-14.zip,202202141129,–ä•ÊŒSã—N•Ê’¬,’n‹æŠO-2040158,,
01558-4603-14.zip,202202141129,–ä•ÊŒSã—N•Ê’¬š“Ô“csŠX’n,“¹-67,,
01558-4603-14.zip,202202141129,–ä•ÊŒSã—N•Ê’¬š–k•º‘ºˆê‹æ,’·‹·•¨•s–¾-9,,
01558-4603-14.zip,202202141129,–ä•ÊŒSã—N•Ê’¬,’n‹æŠO-2040130,,
01558-4603-14.zip,202202141129,–ä•ÊŒSã—N•Ê’¬,’n‹æŠO-2040152,,
01558-4603-14.zip,202202141129,–ä•ÊŒSã—N•Ê’¬š–k•º‘ºˆê‹æ,–³’n”Ô-10,,
01558-4603-14.zip,202202141129,–ä•ÊŒSã—N•Ê’¬,’n‹æŠO-2040155,,
01558-4603-14.zip,202202141129,–ä•ÊŒSã—N•Ê’¬,’n‹æŠO-2040114,,
01558-4603-14.zip,202202141129,–ä•ÊŒSã—N•Ê’¬š“Ô“csŠX’n,“¹-7,,
01558-4603-14.zip,202202141129,–ä•ÊŒSã—N•Ê’¬š–k•º‘ºˆê‹æ,–³’n”Ô-6,,
01558-4603-14.zip,202202141129,–ä•ÊŒSã—N•Ê’¬š–k•º‘ºˆê‹æ,’·‹·•¨•s–¾-12,,
01558-4603-14.zip,202202141129,–ä•ÊŒSã—N•Ê’¬š–k•º‘ºˆê‹æ,’·‹·•¨•s–¾-6,,
01558-4603-14.zip,202202141129,–ä•ÊŒSã—N•Ê’¬,’n‹æŠO-2040153,,
01558-4603-14.zip,202202141129,–ä•ÊŒSã—N•Ê’¬,’n‹æŠO-2040133,,
01558-4603-14.zip,202202141129,–ä•ÊŒSã—N•Ê’¬,’n‹æŠO-2040131,,
01558-4603-14.zip,202202141129,–ä•ÊŒSã—N•Ê’¬š–k•º‘ºˆê‹æ,…-1,,
01558-4603-14.zip,202202141129,–ä•ÊŒSã—N•Ê’¬,’n‹æŠO-2040148,,
01558-4603-14.zip,202202141129,–ä•ÊŒSã—N•Ê’¬š“Ô“csŠX’n,“¹-3,,
01558-4603-14.zip,202202141129,–ä•ÊŒSã—N•Ê’¬š“Ô“csŠX’n,“¹-63,,
